[{"model": "admin.logentry", "pk": 1, "fields": {"action_time": "2023-04-07T13:52:21.434Z", "user": 1, "content_type": 7, "object_id": "1", "object_repr": "pixel_palace_arcade.example.com", "action_flag": 2, "change_message": "[{\"changed\": {\"fields\": [\"Domain name\"]}}]"}}, {"model": "admin.logentry", "pk": 2, "fields": {"action_time": "2023-04-07T13:52:50.749Z", "user": 1, "content_type": 7, "object_id": "1", "object_repr": "pixel_palace_arcade.example.com", "action_flag": 2, "change_message": "[{\"changed\": {\"fields\": [\"Display name\"]}}]"}}, {"model": "admin.logentry", "pk": 3, "fields": {"action_time": "2023-04-07T16:09:23.163Z", "user": 1, "content_type": 8, "object_id": "1", "object_repr": "oisin.banville@gmail.com", "action_flag": 2, "change_message": "[{\"changed\": {\"fields\": [\"Verified\", \"Primary\"]}}]"}}, {"model": "admin.logentry", "pk": 4, "fields": {"action_time": "2023-04-12T10:41:47.548Z", "user": 1, "content_type": 13, "object_id": "9", "object_repr": "shirts", "action_flag": 3, "change_message": ""}}, {"model": "admin.logentry", "pk": 5, "fields": {"action_time": "2023-04-12T10:41:47.552Z", "user": 1, "content_type": 13, "object_id": "8", "object_repr": "new_arrivals", "action_flag": 3, "change_message": ""}}, {"model": "admin.logentry", "pk": 6, "fields": {"action_time": "2023-04-12T10:41:47.556Z", "user": 1, "content_type": 13, "object_id": "7", "object_repr": "kitchen_dining", "action_flag": 3, "change_message": ""}}, {"model": "admin.logentry", "pk": 7, "fields": {"action_time": "2023-04-12T10:41:47.566Z", "user": 1, "content_type": 13, "object_id": "6", "object_repr": "jeans", "action_flag": 3, "change_message": ""}}, {"model": "admin.logentry", "pk": 8, "fields": {"action_time": "2023-04-12T10:41:47.569Z", "user": 1, "content_type": 13, "object_id": "5", "object_repr": "essentials", "action_flag": 3, "change_message": ""}}, {"model": "admin.logentry", "pk": 9, "fields": {"action_time": "2023-04-12T10:41:47.571Z", "user": 1, "content_type": 13, "object_id": "4", "object_repr": "deals", "action_flag": 3, "change_message": ""}}, {"model": "admin.logentry", "pk": 10, "fields": {"action_time": "2023-04-12T10:41:47.574Z", "user": 1, "content_type": 13, "object_id": "3", "object_repr": "clearance", "action_flag": 3, "change_message": ""}}, {"model": "admin.logentry", "pk": 11, "fields": {"action_time": "2023-04-12T10:41:47.576Z", "user": 1, "content_type": 13, "object_id": "2", "object_repr": "bed_bath", "action_flag": 3, "change_message": ""}}, {"model": "admin.logentry", "pk": 12, "fields": {"action_time": "2023-04-12T10:41:47.580Z", "user": 1, "content_type": 13, "object_id": "1", "object_repr": "activewear", "action_flag": 3, "change_message": ""}}, {"model": "admin.logentry", "pk": 13, "fields": {"action_time": "2023-04-12T11:18:17.012Z", "user": 1, "content_type": 13, "object_id": "10", "object_repr": "classic_arcade_games", "action_flag": 1, "change_message": "[{\"added\": {}}]"}}, {"model": "admin.logentry", "pk": 14, "fields": {"action_time": "2023-04-12T11:18:32.562Z", "user": 1, "content_type": 13, "object_id": "11", "object_repr": "modern_arcade_games", "action_flag": 1, "change_message": "[{\"added\": {}}]"}}, {"model": "admin.logentry", "pk": 15, "fields": {"action_time": "2023-04-12T11:18:55.100Z", "user": 1, "content_type": 13, "object_id": "12", "object_repr": "physical_merchandise", "action_flag": 1, "change_message": "[{\"added\": {}}]"}}, {"model": "admin.logentry", "pk": 16, "fields": {"action_time": "2023-04-12T11:19:18.971Z", "user": 1, "content_type": 13, "object_id": "13", "object_repr": "special_offers", "action_flag": 1, "change_message": "[{\"added\": {}}]"}}, {"model": "admin.logentry", "pk": 17, "fields": {"action_time": "2023-04-12T13:44:55.169Z", "user": 1, "content_type": 13, "object_id": "13", "object_repr": "special_offers", "action_flag": 3, "change_message": ""}}, {"model": "admin.logentry", "pk": 18, "fields": {"action_time": "2023-04-12T13:44:55.172Z", "user": 1, "content_type": 13, "object_id": "12", "object_repr": "physical_merchandise", "action_flag": 3, "change_message": ""}}, {"model": "admin.logentry", "pk": 19, "fields": {"action_time": "2023-04-12T13:44:55.175Z", "user": 1, "content_type": 13, "object_id": "11", "object_repr": "modern_arcade_games", "action_flag": 3, "change_message": ""}}, {"model": "admin.logentry", "pk": 20, "fields": {"action_time": "2023-04-12T13:44:55.178Z", "user": 1, "content_type": 13, "object_id": "10", "object_repr": "classic_arcade_games", "action_flag": 3, "change_message": ""}}, {"model": "admin.logentry", "pk": 21, "fields": {"action_time": "2023-04-12T14:03:19.721Z", "user": 1, "content_type": 13, "object_id": "14", "object_repr": "shooters", "action_flag": 1, "change_message": "[{\"added\": {}}]"}}, {"model": "admin.logentry", "pk": 22, "fields": {"action_time": "2023-04-12T14:03:39.089Z", "user": 1, "content_type": 13, "object_id": "15", "object_repr": "platform_style", "action_flag": 1, "change_message": "[{\"added\": {}}]"}}, {"model": "admin.logentry", "pk": 23, "fields": {"action_time": "2023-04-12T14:03:49.671Z", "user": 1, "content_type": 13, "object_id": "16", "object_repr": "puzzle", "action_flag": 1, "change_message": "[{\"added\": {}}]"}}, {"model": "admin.logentry", "pk": 24, "fields": {"action_time": "2023-04-12T14:04:09.310Z", "user": 1, "content_type": 13, "object_id": "17", "object_repr": "classics", "action_flag": 1, "change_message": "[{\"added\": {}}]"}}, {"model": "admin.logentry", "pk": 25, "fields": {"action_time": "2023-04-12T14:04:31.166Z", "user": 1, "content_type": 13, "object_id": "18", "object_repr": "star)_wars_franchise", "action_flag": 1, "change_message": "[{\"added\": {}}]"}}, {"model": "admin.logentry", "pk": 26, "fields": {"action_time": "2023-04-12T14:04:45.958Z", "user": 1, "content_type": 13, "object_id": "19", "object_repr": "racing_style", "action_flag": 1, "change_message": "[{\"added\": {}}]"}}, {"model": "admin.logentry", "pk": 27, "fields": {"action_time": "2023-04-12T14:05:14.996Z", "user": 1, "content_type": 13, "object_id": "20", "object_repr": "japan_made_games", "action_flag": 1, "change_message": "[{\"added\": {}}]"}}, {"model": "admin.logentry", "pk": 28, "fields": {"action_time": "2023-04-12T14:05:27.080Z", "user": 1, "content_type": 13, "object_id": "21", "object_repr": "modern_games", "action_flag": 1, "change_message": "[{\"added\": {}}]"}}, {"model": "admin.logentry", "pk": 29, "fields": {"action_time": "2023-04-12T14:05:48.699Z", "user": 1, "content_type": 13, "object_id": "22", "object_repr": "physical_merch", "action_flag": 1, "change_message": "[{\"added\": {}}]"}}, {"model": "admin.logentry", "pk": 30, "fields": {"action_time": "2023-04-12T14:06:09.728Z", "user": 1, "content_type": 13, "object_id": "23", "object_repr": "collectible", "action_flag": 1, "change_message": "[{\"added\": {}}]"}}, {"model": "admin.logentry", "pk": 31, "fields": {"action_time": "2023-04-12T14:06:24.021Z", "user": 1, "content_type": 13, "object_id": "24", "object_repr": "soft_toys", "action_flag": 1, "change_message": "[{\"added\": {}}]"}}, {"model": "admin.logentry", "pk": 32, "fields": {"action_time": "2023-04-12T14:06:42.716Z", "user": 1, "content_type": 13, "object_id": "25", "object_repr": "equip", "action_flag": 1, "change_message": "[{\"added\": {}}]"}}, {"model": "admin.logentry", "pk": 33, "fields": {"action_time": "2023-04-12T14:07:00.961Z", "user": 1, "content_type": 13, "object_id": "26", "object_repr": "sale", "action_flag": 1, "change_message": "[{\"added\": {}}]"}}, {"model": "admin.logentry", "pk": 34, "fields": {"action_time": "2023-04-12T14:07:11.145Z", "user": 1, "content_type": 13, "object_id": "27", "object_repr": "new", "action_flag": 1, "change_message": "[{\"added\": {}}]"}}, {"model": "admin.logentry", "pk": 35, "fields": {"action_time": "2023-04-12T14:07:23.644Z", "user": 1, "content_type": 13, "object_id": "28", "object_repr": "deals", "action_flag": 1, "change_message": "[{\"added\": {}}]"}}, {"model": "admin.logentry", "pk": 36, "fields": {"action_time": "2023-04-12T14:07:25.250Z", "user": 1, "content_type": 13, "object_id": "28", "object_repr": "deals", "action_flag": 2, "change_message": "[]"}}, {"model": "admin.logentry", "pk": 37, "fields": {"action_time": "2023-04-12T14:07:54.169Z", "user": 1, "content_type": 13, "object_id": "29", "object_repr": "grouped_products", "action_flag": 1, "change_message": "[{\"added\": {}}]"}}, {"model": "admin.logentry", "pk": 38, "fields": {"action_time": "2023-04-12T14:18:07.643Z", "user": 1, "content_type": 14, "object_id": "1", "object_repr": "Aces of Luftwaffe", "action_flag": 1, "change_message": "[{\"added\": {}}]"}}, {"model": "admin.logentry", "pk": 39, "fields": {"action_time": "2023-04-12T14:27:49.061Z", "user": 1, "content_type": 14, "object_id": "1", "object_repr": "Aces of Luftwaffe", "action_flag": 2, "change_message": "[{\"changed\": {\"fields\": [\"Image\"]}}]"}}, {"model": "admin.logentry", "pk": 40, "fields": {"action_time": "2023-04-12T15:23:33.898Z", "user": 1, "content_type": 14, "object_id": "1", "object_repr": "Aces of Luftwaffe", "action_flag": 2, "change_message": "[{\"changed\": {\"fields\": [\"Image url\", \"Image\"]}}]"}}, {"model": "admin.logentry", "pk": 41, "fields": {"action_time": "2023-04-12T15:23:46.349Z", "user": 1, "content_type": 14, "object_id": "1", "object_repr": "Aces of Luftwaffe", "action_flag": 2, "change_message": "[{\"changed\": {\"fields\": [\"Image\"]}}]"}}, {"model": "admin.logentry", "pk": 42, "fields": {"action_time": "2023-04-12T15:24:00.986Z", "user": 1, "content_type": 14, "object_id": "1", "object_repr": "Aces of Luftwaffe", "action_flag": 2, "change_message": "[{\"changed\": {\"fields\": [\"aggregate_rating\"]}}]"}}, {"model": "admin.logentry", "pk": 43, "fields": {"action_time": "2023-04-12T15:31:29.397Z", "user": 1, "content_type": 14, "object_id": "2", "object_repr": "Asteroids I", "action_flag": 1, "change_message": "[{\"added\": {}}]"}}, {"model": "admin.logentry", "pk": 44, "fields": {"action_time": "2023-04-12T15:33:16.944Z", "user": 1, "content_type": 14, "object_id": "3", "object_repr": "Atari: Retro Joystick", "action_flag": 1, "change_message": "[{\"added\": {}}]"}}, {"model": "admin.logentry", "pk": 45, "fields": {"action_time": "2023-04-12T15:34:12.803Z", "user": 1, "content_type": 14, "object_id": "4", "object_repr": "Toshinden: Battle Arena", "action_flag": 1, "change_message": "[{\"added\": {}}]"}}, {"model": "admin.logentry", "pk": 46, "fields": {"action_time": "2023-04-12T15:35:17.790Z", "user": 1, "content_type": 14, "object_id": "5", "object_repr": "Bubble Blaster", "action_flag": 1, "change_message": "[{\"added\": {}}]"}}, {"model": "admin.logentry", "pk": 47, "fields": {"action_time": "2023-04-12T15:36:57.772Z", "user": 1, "content_type": 14, "object_id": "6", "object_repr": "Plushies: Darth Vader", "action_flag": 1, "change_message": "[{\"added\": {}}]"}}, {"model": "admin.logentry", "pk": 48, "fields": {"action_time": "2023-04-12T15:38:42.391Z", "user": 1, "content_type": 14, "object_id": "7", "object_repr": "Donkey Kong Arcade Machine", "action_flag": 1, "change_message": "[{\"added\": {}}]"}}, {"model": "admin.logentry", "pk": 49, "fields": {"action_time": "2023-04-12T15:40:21.950Z", "user": 1, "content_type": 14, "object_id": "8", "object_repr": "Donkey Kong Country Returns", "action_flag": 1, "change_message": "[{\"added\": {}}]"}}, {"model": "admin.logentry", "pk": 50, "fields": {"action_time": "2023-04-12T15:40:36.073Z", "user": 1, "content_type": 14, "object_id": "7", "object_repr": "Donkey Kong Arcade Machine", "action_flag": 2, "change_message": "[{\"changed\": {\"fields\": [\"Sku\"]}}]"}}, {"model": "admin.logentry", "pk": 51, "fields": {"action_time": "2023-04-12T15:41:43.559Z", "user": 1, "content_type": 14, "object_id": "9", "object_repr": "Donkey Kong Country", "action_flag": 1, "change_message": "[{\"added\": {}}]"}}, {"model": "admin.logentry", "pk": 52, "fields": {"action_time": "2023-04-12T15:42:32.141Z", "user": 1, "content_type": 14, "object_id": "10", "object_repr": "Donkey Kong III", "action_flag": 1, "change_message": "[{\"added\": {}}]"}}, {"model": "admin.logentry", "pk": 53, "fields": {"action_time": "2023-04-12T15:44:10.596Z", "user": 1, "content_type": 14, "object_id": "11", "object_repr": "Final Fantasy IV", "action_flag": 1, "change_message": "[{\"added\": {}}]"}}, {"model": "admin.logentry", "pk": 54, "fields": {"action_time": "2023-04-12T15:45:25.831Z", "user": 1, "content_type": 14, "object_id": "12", "object_repr": "Final Fight III", "action_flag": 1, "change_message": "[{\"added\": {}}]"}}, {"model": "admin.logentry", "pk": 55, "fields": {"action_time": "2023-04-12T15:46:12.166Z", "user": 1, "content_type": 14, "object_id": "13", "object_repr": "Mario", "action_flag": 1, "change_message": "[{\"added\": {}}]"}}, {"model": "admin.logentry", "pk": 56, "fields": {"action_time": "2023-04-12T15:46:48.072Z", "user": 1, "content_type": 14, "object_id": "14", "object_repr": "Mario II", "action_flag": 1, "change_message": "[{\"added\": {}}]"}}, {"model": "admin.logentry", "pk": 57, "fields": {"action_time": "2023-04-12T15:48:33.556Z", "user": 1, "content_type": 14, "object_id": "15", "object_repr": "Pinball", "action_flag": 1, "change_message": "[{\"added\": {}}]"}}, {"model": "admin.logentry", "pk": 58, "fields": {"action_time": "2023-04-12T15:49:36.579Z", "user": 1, "content_type": 14, "object_id": "16", "object_repr": "N64 Controller : Blue", "action_flag": 1, "change_message": "[{\"added\": {}}]"}}, {"model": "admin.logentry", "pk": 59, "fields": {"action_time": "2023-04-12T15:50:37.243Z", "user": 1, "content_type": 14, "object_id": "17", "object_repr": "Pac-Man Arcade Machine", "action_flag": 1, "change_message": "[{\"added\": {}}]"}}, {"model": "admin.logentry", "pk": 60, "fields": {"action_time": "2023-04-12T15:51:15.748Z", "user": 1, "content_type": 14, "object_id": "1", "object_repr": "Aces of Luftwaffe", "action_flag": 2, "change_message": "[{\"changed\": {\"fields\": [\"Image\"]}}]"}}, {"model": "admin.logentry", "pk": 61, "fields": {"action_time": "2023-04-12T15:51:21.795Z", "user": 1, "content_type": 14, "object_id": "1", "object_repr": "Aces of Luftwaffe", "action_flag": 2, "change_message": "[{\"changed\": {\"fields\": [\"Image\"]}}]"}}, {"model": "admin.logentry", "pk": 62, "fields": {"action_time": "2023-04-12T15:55:34.714Z", "user": 1, "content_type": 14, "object_id": "18", "object_repr": "Pac-Man", "action_flag": 1, "change_message": "[{\"added\": {}}]"}}, {"model": "admin.logentry", "pk": 63, "fields": {"action_time": "2023-04-12T15:56:45.650Z", "user": 1, "content_type": 14, "object_id": "19", "object_repr": "Pongo", "action_flag": 1, "change_message": "[{\"added\": {}}]"}}, {"model": "admin.logentry", "pk": 64, "fields": {"action_time": "2023-04-12T15:57:44.232Z", "user": 1, "content_type": 14, "object_id": "20", "object_repr": "Star Wars Bundle", "action_flag": 1, "change_message": "[{\"added\": {}}]"}}, {"model": "admin.logentry", "pk": 65, "fields": {"action_time": "2023-04-12T15:58:39.543Z", "user": 1, "content_type": 14, "object_id": "21", "object_repr": "Retrobit Wireless Controller", "action_flag": 1, "change_message": "[{\"added\": {}}]"}}, {"model": "admin.logentry", "pk": 66, "fields": {"action_time": "2023-04-12T15:59:32.833Z", "user": 1, "content_type": 14, "object_id": "22", "object_repr": "Retro Gaming Controller: Second Hand", "action_flag": 1, "change_message": "[{\"added\": {}}]"}}, {"model": "admin.logentry", "pk": 67, "fields": {"action_time": "2023-04-12T15:59:58.614Z", "user": 1, "content_type": 13, "object_id": "18", "object_repr": "star_wars_franchise", "action_flag": 2, "change_message": "[{\"changed\": {\"fields\": [\"Name\"]}}]"}}, {"model": "admin.logentry", "pk": 68, "fields": {"action_time": "2023-04-12T16:01:48.193Z", "user": 1, "content_type": 14, "object_id": "23", "object_repr": "Skycurser", "action_flag": 1, "change_message": "[{\"added\": {}}]"}}, {"model": "admin.logentry", "pk": 69, "fields": {"action_time": "2023-04-12T16:02:27.879Z", "user": 1, "content_type": 14, "object_id": "24", "object_repr": "Space Invaders", "action_flag": 1, "change_message": "[{\"added\": {}}]"}}, {"model": "admin.logentry", "pk": 70, "fields": {"action_time": "2023-04-12T16:02:57.150Z", "user": 1, "content_type": 14, "object_id": "25", "object_repr": "Space Invaders 2", "action_flag": 1, "change_message": "[{\"added\": {}}]"}}, {"model": "admin.logentry", "pk": 71, "fields": {"action_time": "2023-04-12T16:03:45.457Z", "user": 1, "content_type": 14, "object_id": "26", "object_repr": "Star Wars: The Empire Strikes Back; Retro Video Game", "action_flag": 1, "change_message": "[{\"added\": {}}]"}}, {"model": "admin.logentry", "pk": 72, "fields": {"action_time": "2023-04-12T16:04:22.127Z", "user": 1, "content_type": 14, "object_id": "27", "object_repr": "Star Wars: Empire", "action_flag": 1, "change_message": "[{\"added\": {}}]"}}, {"model": "admin.logentry", "pk": 73, "fields": {"action_time": "2023-04-12T16:04:48.284Z", "user": 1, "content_type": 14, "object_id": "28", "object_repr": "Super Bikes 3", "action_flag": 1, "change_message": "[{\"added\": {}}]"}}, {"model": "admin.logentry", "pk": 74, "fields": {"action_time": "2023-04-12T16:06:06.292Z", "user": 1, "content_type": 14, "object_id": "29", "object_repr": "Super Star Wars", "action_flag": 1, "change_message": "[{\"added\": {}}]"}}, {"model": "admin.logentry", "pk": 75, "fields": {"action_time": "2023-04-12T16:07:34.080Z", "user": 1, "content_type": 14, "object_id": "30", "object_repr": "TR World Tour", "action_flag": 1, "change_message": "[{\"added\": {}}]"}}, {"model": "admin.logentry", "pk": 76, "fields": {"action_time": "2023-04-12T16:08:05.933Z", "user": 1, "content_type": 14, "object_id": "31", "object_repr": "Trooper Plushie", "action_flag": 1, "change_message": "[{\"added\": {}}]"}}, {"model": "admin.logentry", "pk": 77, "fields": {"action_time": "2023-04-12T16:08:26.836Z", "user": 1, "content_type": 14, "object_id": "32", "object_repr": "Yoda Plushie", "action_flag": 1, "change_message": "[{\"added\": {}}]"}}, {"model": "admin.logentry", "pk": 78, "fields": {"action_time": "2023-04-12T17:10:36.213Z", "user": 1, "content_type": 14, "object_id": "24", "object_repr": "Space Invaders", "action_flag": 2, "change_message": "[{\"changed\": {\"fields\": [\"Image\"]}}]"}}, {"model": "admin.logentry", "pk": 79, "fields": {"action_time": "2023-04-13T21:35:03.159Z", "user": 1, "content_type": 13, "object_id": "14", "object_repr": "shooters", "action_flag": 2, "change_message": "[{\"changed\": {\"fields\": [\"Friendly name\"]}}]"}}, {"model": "admin.logentry", "pk": 80, "fields": {"action_time": "2023-04-13T21:38:21.884Z", "user": 1, "content_type": 13, "object_id": "14", "object_repr": "shooters", "action_flag": 2, "change_message": "[{\"changed\": {\"fields\": [\"Friendly name\"]}}]"}}, {"model": "admin.logentry", "pk": 81, "fields": {"action_time": "2023-04-17T17:05:37.837Z", "user": 1, "content_type": 15, "object_id": "1", "object_repr": "The Best", "action_flag": 1, "change_message": "[{\"added\": {}}]"}}, {"model": "admin.logentry", "pk": 82, "fields": {"action_time": "2023-04-18T08:31:02.991Z", "user": 1, "content_type": 14, "object_id": "2", "object_repr": "Asteroids I", "action_flag": 2, "change_message": "[{\"changed\": {\"fields\": [\"Reviewed\"]}}]"}}, {"model": "auth.permission", "pk": 1, "fields": {"name": "Can add log entry", "content_type": 1, "codename": "add_logentry"}}, {"model": "auth.permission", "pk": 2, "fields": {"name": "Can change log entry", "content_type": 1, "codename": "change_logentry"}}, {"model": "auth.permission", "pk": 3, "fields": {"name": "Can delete log entry", "content_type": 1, "codename": "delete_logentry"}}, {"model": "auth.permission", "pk": 4, "fields": {"name": "Can view log entry", "content_type": 1, "codename": "view_logentry"}}, {"model": "auth.permission", "pk": 5, "fields": {"name": "Can add permission", "content_type": 2, "codename": "add_permission"}}, {"model": "auth.permission", "pk": 6, "fields": {"name": "Can change permission", "content_type": 2, "codename": "change_permission"}}, {"model": "auth.permission", "pk": 7, "fields": {"name": "Can delete permission", "content_type": 2, "codename": "delete_permission"}}, {"model": "auth.permission", "pk": 8, "fields": {"name": "Can view permission", "content_type": 2, "codename": "view_permission"}}, {"model": "auth.permission", "pk": 9, "fields": {"name": "Can add group", "content_type": 3, "codename": "add_group"}}, {"model": "auth.permission", "pk": 10, "fields": {"name": "Can change group", "content_type": 3, "codename": "change_group"}}, {"model": "auth.permission", "pk": 11, "fields": {"name": "Can delete group", "content_type": 3, "codename": "delete_group"}}, {"model": "auth.permission", "pk": 12, "fields": {"name": "Can view group", "content_type": 3, "codename": "view_group"}}, {"model": "auth.permission", "pk": 13, "fields": {"name": "Can add user", "content_type": 4, "codename": "add_user"}}, {"model": "auth.permission", "pk": 14, "fields": {"name": "Can change user", "content_type": 4, "codename": "change_user"}}, {"model": "auth.permission", "pk": 15, "fields": {"name": "Can delete user", "content_type": 4, "codename": "delete_user"}}, {"model": "auth.permission", "pk": 16, "fields": {"name": "Can view user", "content_type": 4, "codename": "view_user"}}, {"model": "auth.permission", "pk": 17, "fields": {"name": "Can add content type", "content_type": 5, "codename": "add_contenttype"}}, {"model": "auth.permission", "pk": 18, "fields": {"name": "Can change content type", "content_type": 5, "codename": "change_contenttype"}}, {"model": "auth.permission", "pk": 19, "fields": {"name": "Can delete content type", "content_type": 5, "codename": "delete_contenttype"}}, {"model": "auth.permission", "pk": 20, "fields": {"name": "Can view content type", "content_type": 5, "codename": "view_contenttype"}}, {"model": "auth.permission", "pk": 21, "fields": {"name": "Can add session", "content_type": 6, "codename": "add_session"}}, {"model": "auth.permission", "pk": 22, "fields": {"name": "Can change session", "content_type": 6, "codename": "change_session"}}, {"model": "auth.permission", "pk": 23, "fields": {"name": "Can delete session", "content_type": 6, "codename": "delete_session"}}, {"model": "auth.permission", "pk": 24, "fields": {"name": "Can view session", "content_type": 6, "codename": "view_session"}}, {"model": "auth.permission", "pk": 25, "fields": {"name": "Can add site", "content_type": 7, "codename": "add_site"}}, {"model": "auth.permission", "pk": 26, "fields": {"name": "Can change site", "content_type": 7, "codename": "change_site"}}, {"model": "auth.permission", "pk": 27, "fields": {"name": "Can delete site", "content_type": 7, "codename": "delete_site"}}, {"model": "auth.permission", "pk": 28, "fields": {"name": "Can view site", "content_type": 7, "codename": "view_site"}}, {"model": "auth.permission", "pk": 29, "fields": {"name": "Can add email address", "content_type": 8, "codename": "add_emailaddress"}}, {"model": "auth.permission", "pk": 30, "fields": {"name": "Can change email address", "content_type": 8, "codename": "change_emailaddress"}}, {"model": "auth.permission", "pk": 31, "fields": {"name": "Can delete email address", "content_type": 8, "codename": "delete_emailaddress"}}, {"model": "auth.permission", "pk": 32, "fields": {"name": "Can view email address", "content_type": 8, "codename": "view_emailaddress"}}, {"model": "auth.permission", "pk": 33, "fields": {"name": "Can add email confirmation", "content_type": 9, "codename": "add_emailconfirmation"}}, {"model": "auth.permission", "pk": 34, "fields": {"name": "Can change email confirmation", "content_type": 9, "codename": "change_emailconfirmation"}}, {"model": "auth.permission", "pk": 35, "fields": {"name": "Can delete email confirmation", "content_type": 9, "codename": "delete_emailconfirmation"}}, {"model": "auth.permission", "pk": 36, "fields": {"name": "Can view email confirmation", "content_type": 9, "codename": "view_emailconfirmation"}}, {"model": "auth.permission", "pk": 37, "fields": {"name": "Can add social account", "content_type": 10, "codename": "add_socialaccount"}}, {"model": "auth.permission", "pk": 38, "fields": {"name": "Can change social account", "content_type": 10, "codename": "change_socialaccount"}}, {"model": "auth.permission", "pk": 39, "fields": {"name": "Can delete social account", "content_type": 10, "codename": "delete_socialaccount"}}, {"model": "auth.permission", "pk": 40, "fields": {"name": "Can view social account", "content_type": 10, "codename": "view_socialaccount"}}, {"model": "auth.permission", "pk": 41, "fields": {"name": "Can add social application", "content_type": 11, "codename": "add_socialapp"}}, {"model": "auth.permission", "pk": 42, "fields": {"name": "Can change social application", "content_type": 11, "codename": "change_socialapp"}}, {"model": "auth.permission", "pk": 43, "fields": {"name": "Can delete social application", "content_type": 11, "codename": "delete_socialapp"}}, {"model": "auth.permission", "pk": 44, "fields": {"name": "Can view social application", "content_type": 11, "codename": "view_socialapp"}}, {"model": "auth.permission", "pk": 45, "fields": {"name": "Can add social application token", "content_type": 12, "codename": "add_socialtoken"}}, {"model": "auth.permission", "pk": 46, "fields": {"name": "Can change social application token", "content_type": 12, "codename": "change_socialtoken"}}, {"model": "auth.permission", "pk": 47, "fields": {"name": "Can delete social application token", "content_type": 12, "codename": "delete_socialtoken"}}, {"model": "auth.permission", "pk": 48, "fields": {"name": "Can view social application token", "content_type": 12, "codename": "view_socialtoken"}}, {"model": "auth.permission", "pk": 49, "fields": {"name": "Can add category", "content_type": 13, "codename": "add_category"}}, {"model": "auth.permission", "pk": 50, "fields": {"name": "Can change category", "content_type": 13, "codename": "change_category"}}, {"model": "auth.permission", "pk": 51, "fields": {"name": "Can delete category", "content_type": 13, "codename": "delete_category"}}, {"model": "auth.permission", "pk": 52, "fields": {"name": "Can view category", "content_type": 13, "codename": "view_category"}}, {"model": "auth.permission", "pk": 53, "fields": {"name": "Can add products", "content_type": 14, "codename": "add_products"}}, {"model": "auth.permission", "pk": 54, "fields": {"name": "Can change products", "content_type": 14, "codename": "change_products"}}, {"model": "auth.permission", "pk": 55, "fields": {"name": "Can delete products", "content_type": 14, "codename": "delete_products"}}, {"model": "auth.permission", "pk": 56, "fields": {"name": "Can view products", "content_type": 14, "codename": "view_products"}}, {"model": "auth.permission", "pk": 57, "fields": {"name": "Can add product", "content_type": 14, "codename": "add_product"}}, {"model": "auth.permission", "pk": 58, "fields": {"name": "Can change product", "content_type": 14, "codename": "change_product"}}, {"model": "auth.permission", "pk": 59, "fields": {"name": "Can delete product", "content_type": 14, "codename": "delete_product"}}, {"model": "auth.permission", "pk": 60, "fields": {"name": "Can view product", "content_type": 14, "codename": "view_product"}}, {"model": "auth.permission", "pk": 61, "fields": {"name": "Can add review", "content_type": 15, "codename": "add_review"}}, {"model": "auth.permission", "pk": 62, "fields": {"name": "Can change review", "content_type": 15, "codename": "change_review"}}, {"model": "auth.permission", "pk": 63, "fields": {"name": "Can delete review", "content_type": 15, "codename": "delete_review"}}, {"model": "auth.permission", "pk": 64, "fields": {"name": "Can view review", "content_type": 15, "codename": "view_review"}}, {"model": "auth.permission", "pk": 65, "fields": {"name": "Can add order", "content_type": 16, "codename": "add_order"}}, {"model": "auth.permission", "pk": 66, "fields": {"name": "Can change order", "content_type": 16, "codename": "change_order"}}, {"model": "auth.permission", "pk": 67, "fields": {"name": "Can delete order", "content_type": 16, "codename": "delete_order"}}, {"model": "auth.permission", "pk": 68, "fields": {"name": "Can view order", "content_type": 16, "codename": "view_order"}}, {"model": "auth.permission", "pk": 69, "fields": {"name": "Can add order line item", "content_type": 17, "codename": "add_orderlineitem"}}, {"model": "auth.permission", "pk": 70, "fields": {"name": "Can change order line item", "content_type": 17, "codename": "change_orderlineitem"}}, {"model": "auth.permission", "pk": 71, "fields": {"name": "Can delete order line item", "content_type": 17, "codename": "delete_orderlineitem"}}, {"model": "auth.permission", "pk": 72, "fields": {"name": "Can view order line item", "content_type": 17, "codename": "view_orderlineitem"}}, {"model": "auth.permission", "pk": 73, "fields": {"name": "Can add user profile", "content_type": 18, "codename": "add_userprofile"}}, {"model": "auth.permission", "pk": 74, "fields": {"name": "Can change user profile", "content_type": 18, "codename": "change_userprofile"}}, {"model": "auth.permission", "pk": 75, "fields": {"name": "Can delete user profile", "content_type": 18, "codename": "delete_userprofile"}}, {"model": "auth.permission", "pk": 76, "fields": {"name": "Can view user profile", "content_type": 18, "codename": "view_userprofile"}}, {"model": "auth.user", "pk": 1, "fields": {"password": "pbkdf2_sha256$260000$LjN4NUH3X3k0rIAO8ijbTo$upnWP6U2/fkDCDUSNeMsX/s77DIOXgN1evML3Afv4ro=", "last_login": "2023-04-20T14:17:37.920Z", "is_superuser": true, "username": "Oisin", "first_name": "", "last_name": "", "email": "oisin.banville@gmail.com", "is_staff": true, "is_active": true, "date_joined": "2023-04-07T12:54:08.697Z", "groups": [], "user_permissions": []}}, {"model": "auth.user", "pk": 2, "fields": {"password": "pbkdf2_sha256$260000$6j3CieWOwlI1ljRnRQFu5y$FoG32DI/D5q4S0OfHiReiEuc7gv+5/dC20W+rUldlvM=", "last_login": "2023-06-01T18:00:38.475Z", "is_superuser": true, "username": "CIExaminer", "first_name": "", "last_name": "", "email": "ciemail@gmail.com", "is_staff": true, "is_active": true, "date_joined": "2023-06-01T16:05:45.522Z", "groups": [], "user_permissions": []}}, {"model": "contenttypes.contenttype", "pk": 1, "fields": {"app_label": "admin", "model": "logentry"}}, {"model": "contenttypes.contenttype", "pk": 2, "fields": {"app_label": "auth", "model": "permission"}}, {"model": "contenttypes.contenttype", "pk": 3, "fields": {"app_label": "auth", "model": "group"}}, {"model": "contenttypes.contenttype", "pk": 4, "fields": {"app_label": "auth", "model": "user"}}, {"model": "contenttypes.contenttype", "pk": 5, "fields": {"app_label": "contenttypes", "model": "contenttype"}}, {"model": "contenttypes.contenttype", "pk": 6, "fields": {"app_label": "sessions", "model": "session"}}, {"model": "contenttypes.contenttype", "pk": 7, "fields": {"app_label": "sites", "model": "site"}}, {"model": "contenttypes.contenttype", "pk": 8, "fields": {"app_label": "account", "model": "emailaddress"}}, {"model": "contenttypes.contenttype", "pk": 9, "fields": {"app_label": "account", "model": "emailconfirmation"}}, {"model": "contenttypes.contenttype", "pk": 10, "fields": {"app_label": "socialaccount", "model": "socialaccount"}}, {"model": "contenttypes.contenttype", "pk": 11, "fields": {"app_label": "socialaccount", "model": "socialapp"}}, {"model": "contenttypes.contenttype", "pk": 12, "fields": {"app_label": "socialaccount", "model": "socialtoken"}}, {"model": "contenttypes.contenttype", "pk": 13, "fields": {"app_label": "products", "model": "category"}}, {"model": "contenttypes.contenttype", "pk": 14, "fields": {"app_label": "products", "model": "product"}}, {"model": "contenttypes.contenttype", "pk": 15, "fields": {"app_label": "blog", "model": "review"}}, {"model": "contenttypes.contenttype", "pk": 16, "fields": {"app_label": "checkout", "model": "order"}}, {"model": "contenttypes.contenttype", "pk": 17, "fields": {"app_label": "checkout", "model": "orderlineitem"}}, {"model": "contenttypes.contenttype", "pk": 18, "fields": {"app_label": "profiles", "model": "userprofile"}}, {"model": "sessions.session", "pk": "4t8t4klzj5rjftpzwkt5kcq9zuilzdb4", "fields": {"session_data": ".eJyrVkpKTFeyqlYyMgORmSWpucXxSZXxZYlFmYl5JSCxiqT8CiUrw9paHSVjJStjHSVDI1xKU4rBCmtrAdtbHM4:1poNe6:u7T8yx7lY9nD0P9ZgTikRhsUD99M4kgi6zIPi9tHwH4", "expire_date": "2023-05-01T12:07:46.413Z"}}, {"model": "sessions.session", "pk": "6c5puue75lvqlwfx9kjf3bkyn0h00hsk", "fields": {"session_data": ".eJxVjMsKwjAURP8lawl5NK8u3fsN4Ta5tVFJStKCIv67LXShu2HmzHkTD-sy-bVh9SmSnnBy-u0GCHfM-xBvkK-FhpKXmga6I_RYG72UiI_zwf4JJmjT9hbAuRk104IpG-IWg5MiWNcJy5xEKUarBmmMg04wsEqjYhvLRwUGjd6lDVtLJXt8zqm-SM8-Xzf8PZs:1pkoei:ad5xmU1sw6T8Vc1G227Eq6l6E-SRsWoXxTGQYL9RdJU", "expire_date": "2023-04-21T16:09:40.742Z"}}, {"model": "sessions.session", "pk": "8de94tisutmmffi2wwonlf5qb4ljxdzb", "fields": {"session_data": ".eJxVjMFugzAQRP9lzxGyCTaEY-_9Bmt3vQanrR1hqIii_HtiiUM7hznMm5kHONzW2W1FFhc9jNDC6W9GyF-SKvBXTFNuOKd1idTUSnPQ0nxmL98fR_ffwYxlfq-Vbw1jINsbthRaLzzYC2vLZ99zb_qBrFa2M0FQhbYTq7WwH6zqdAjE9bRIKTEnJ_stLncY1QkIJxgfoE31uMpPcXR3v7hETGvNdso7jOfnWy8tvE8Q:1q52yQ:RavLzlFb9I4tt06d072vxBjJ_oQAbQXmT_AQF7gzt5Y", "expire_date": "2023-06-16T11:29:38.738Z"}}, {"model": "sessions.session", "pk": "8s0rarjyd6yz32y5xth8qsmg320z5ov6", "fields": {"session_data": ".eJxVjEEOwiAQRe_C2pCBQgGX7j0DmSmDVA0kpV0Z765NutDtf-_9l4i4rSVunZc4J3EWSpx-N8LpwXUH6Y711uTU6rrMJHdFHrTLa0v8vBzu30HBXr51DsmZAazXGggtQR5ZI7FJdvAQRrBWOXQZHKBnb4jZOiI3sWYTFIr3B9PyN80:1q4kkb:ukITRIpeRxylAG4vfYPY3hw2SAYA_cc0W4ogtQEEyI4", "expire_date": "2023-06-15T16:02:09.329Z"}}, {"model": "sessions.session", "pk": "bs6fhura5xgt8f5pmzy4dxlu383bt4nw", "fields": {"session_data": ".eJxVjEkOgzAUQ-_y1whlIOOy-54h-gmh0AEQCZUq1Ls3VCxaryz72Rs4XHPv1hQXN7RggUL1m3kMtzjuRXvF8TLVYRrzMvh6R-qjTfV5auP9dLB_Bz2mvqwZUqo6SSQjQoe22GA4C9o0TBPDI2edFp4rZbBhBLWQUZDC0k6gikqWU48XsBtwsKwCynY_5PhIzr_cE5cBx7xnc_oCcwBL30UfVjhHeQ:1poTCk:875wbr3vBnvrTv2ba08ceI5B0v-QwnPu8Xne6hstuUk", "expire_date": "2023-05-01T18:03:54.553Z"}}, {"model": "sessions.session", "pk": "fiuqktktaf7atlys6u7jnlzvhb6sdpzw", "fields": {"session_data": ".eJxVjDEOAiEQRe9CbQggDGhp7xkIzAyyaiBZdivj3XWTLbT9773_EjGtS43r4DlOJM7CiMPvlhM-uG2A7qndusTelnnKclPkToe8duLnZXf_Dmoa9VsrMg5TyeAdQi6GGAOcUAMeyaN3PmTQCqwrnFQxlkFrRgqgrC4lo3h_AP34OJM:1q4koG:xxtT2KeOFz2tUux0fLDTw0DWsNrmtHnHaRhUI_e9qVA", "expire_date": "2023-06-15T16:05:56.364Z"}}, {"model": "sessions.session", "pk": "fsgm4qdenrzxw2s2jb8bf0bxrtr0un7p", "fields": {"session_data": "eyJiYWciOnsiMTIiOnsiaXRlbXNfYnlfdmFyaWFudCI6eyJ4Ym94Ijo1fX19fQ:1poos9:z0YiBM0iXJp-dwUHOTUKmFEpfb4PZRZHx6LZdciZjwA", "expire_date": "2023-05-02T17:12:05.624Z"}}, {"model": "sessions.session", "pk": "g2m8b1qsizjm0omzjev4pm5b8e99iats", "fields": {"session_data": ".eJyrVkpKTFeyqlYyMgORmSWpucXxSZXxZYlFmYl5JUCx2lodJSNzPJKGOOSUCoqVrAx1lCqS8iuUrIx0lFKAfJNaIAAALzcnqw:1poP4P:sX6PJ06y6Jb02CmC8KLBlG2Zh1zDw0BtPUmLu9XlzY8", "expire_date": "2023-05-01T13:39:01.493Z"}}, {"model": "sessions.session", "pk": "ikyu1g1sfn8swhqnmi6ghllgp8e9zdh2", "fields": {"session_data": "eyJiYWciOnsiMiI6eyJpdGVtc19ieV92YXJpYW50Ijp7Inhib3giOjExLCJwcyI6Mn19fX0:1ppBsr:qp24pGpJLr4oo2CuagkHGwVeXkK2h-wxyULPMd-fm-c", "expire_date": "2023-05-03T17:46:21.540Z"}}, {"model": "sessions.session", "pk": "mui47bpynaa5mpwm81voblpsm2033uvv", "fields": {"session_data": ".eJxVjMsOwiAURP-FtSE8ysul-34DucBFqgaS0q6M_y5NutDdZM6ZeRMP-1b83nH1SyJXwsnltwsQn1gPkB5Q743GVrd1CfRQ6Ek7nVvC1-10_w4K9DLWAjg3WTMtmLIxjRidFNG6SVjmJEqRrQrSGAeTYGCVRsWGy7MCg0aTzxeuTjZe:1pogdr:NB6Ema9by4e-JQDARtZoUVwrdTHkbf6YEJfZ_7xEW7g", "expire_date": "2023-05-02T08:24:47.104Z"}}, {"model": "sessions.session", "pk": "pda3lm81727unjhxs5w7rgouefbuvi84", "fields": {"session_data": ".eJxVjMsKwjAURP8lawl5NK8u3fsN4Ta5tVFJStKCIv67LXShu2HmzHkTD-sy-bVh9SmSnnBy-u0GCHfM-xBvkK-FhpKXmga6I_RYG72UiI_zwf4JJmjT9hbAuRk104IpG-IWg5MiWNcJy5xEKUarBmmMg04wsEqjYhvLRwUGjd6lDVtLJXt8zqm-SM8-Xzf8PZs:1pkoei:ad5xmU1sw6T8Vc1G227Eq6l6E-SRsWoXxTGQYL9RdJU", "expire_date": "2023-04-21T16:09:40.798Z"}}, {"model": "sessions.session", "pk": "sab9fwhjbmzich5sb5rbk43xbp0coneq", "fields": {"session_data": ".eJxVjEkOgzAMRe_idYRihwxk2X3PEDkhFDqABLRqVXH3hqqbrmy___zfEPkE_g1I4J0ABI8kQIPXAsiVS4ABXxDidxB-Gan9aVjzLcRXePA88Lju6BmnZzG2bRMQ-L724b7kOQwt-FL-xyKnSx73oD3zeJqqNI3rPMRqV6pfulTHqc3Xw8_9K-h56cs3MaLtjDQktUttWVOjKLmmJicblRV1TkdlbcM1SXbaZC2Li51mm62B7QPneE2S:1poNBH:V-u9IP_dJW9BAAYm7xFgC-UAUQc-wc-RxFMKbTLAWrk", "expire_date": "2023-05-01T11:37:59.912Z"}}, {"model": "sessions.session", "pk": "sagls8v7un0ca1xwel30nbjqmk7dir8f", "fields": {"session_data": "eyJiYWciOnsiMjYiOnsiaXRlbXNfYnlfdmFyaWFudCI6eyJ4Ym94IjozLCJwcyI6MX19fX0:1poOdd:h2t-Ngrk_ad_y1YaVuIzc53vkHAD9nSO8LnrymvtdOU", "expire_date": "2023-05-01T13:11:21.382Z"}}, {"model": "sessions.session", "pk": "sboy53cal2cvdyc6pjcql34sqrh4zbux", "fields": {"session_data": "eyJiYWciOnsiMTIiOnsiaXRlbXNfYnlfdmFyaWFudCI6eyJ4Ym94IjozfX0sIjMiOjJ9fQ:1poPVF:bzjHLjtTIg2OyLu1yE67zMUb59-3Ouu7ioGwTfPf20Q", "expire_date": "2023-05-01T14:06:45.464Z"}}, {"model": "sessions.session", "pk": "syu6e5yj2vi602hebbb0pixrji0pk74k", "fields": {"session_data": ".eJxVjMsOgyAQRf9l1g0BilBddt9vIDMMqH1oItrYGP-9IXHj5i7OObkbELbQbKBd2X6On-zp57849TjMha00rtDofd8v4HGZO7_kOPmeoQEFJ0YYXnEogp84tKMI4zBPPYmSiMNm8Rg5vu9HezroMHflVqdAybA19iptDHWS8ZaILRupqKqsdgkdSWVlzU5GTqgcXU0KqqrZIux_fe9HnQ:1ppV6P:DUmRuvaceI7M5qDTLps0IqdmiApXCxUoXQD_zW5aIfQ", "expire_date": "2023-05-04T14:17:37.923Z"}}, {"model": "sessions.session", "pk": "vg74g7rmpt43pd9lumxb8jxggl7mz17b", "fields": {"session_data": ".eJx9jskOwjAMRP_F56pK0mZpjtz5hshZurA0qCkIhPrvNMClB7jY1sybkZ9gsQP9BJrHMIdzMvZhbjgNOM5Z8wk0LeDi3utu4x20WJYCBOi6AP43lzkmfiGfMkqWjBm8zr25pjCZwYNeH9poFt0xjNnwBxy7WLo4ztNgy4yUXzeV--jDafdlNwU9pn5NM6RUtoIIRrhyfj1dUzGnmpop0lShYq3itpKywZoRVFwETlaWthxlkAKWF4UjYjM:1poOTN:pt280iST663M9BG9p0u4sWzaCxdWtclTKv8Eu3Y56vg", "expire_date": "2023-05-01T13:00:45.259Z"}}, {"model": "sessions.session", "pk": "xzaobl4v2jqrp8f2qinnnc2b7uo4m13p", "fields": {"session_data": ".eJxVjMsOwiAURP-FtSE8ysul-34DucBFqgaS0q6M_y5NutDdZM6ZeRMP-1b83nH1SyJXwsnltwsQn1gPkB5Q743GVrd1CfRQ6Ek7nVvC1-10_w4K9DLWAjg3WTMtmLIxjRidFNG6SVjmJEqRrQrSGAeTYGCVRsWGy7MCg0aTzxeuTjZe:1pn20C:GVpFP9Pen7L9cbTa12vuCTNVAPcdJTUDKlCiaDQ442g", "expire_date": "2023-04-27T18:49:00.903Z"}}, {"model": "sessions.session", "pk": "ybwo41zv98tcbdihhfhr8r84fjaeaq32", "fields": {"session_data": ".eJxVjMsOwiAURP-FtSE8ysul-34DucBFqgaS0q6M_y5NutDdZM6ZeRMP-1b83nH1SyJXwsnltwsQn1gPkB5Q743GVrd1CfRQ6Ek7nVvC1-10_w4K9DLWAjg3WTMtmLIxjRidFNG6SVjmJEqRrQrSGAeTYGCVRsWGy7MCg0aTzxeuTjZe:1pmc7f:HjLbKf1O1Ed5ela7RHarklQPhR0Kl9UGGTyPtEsoDqQ", "expire_date": "2023-04-26T15:10:59.618Z"}}, {"model": "sites.site", "pk": 1, "fields": {"domain": "pixel_palace_arcade.example.com", "name": "Pixel Palace Arcade"}}, {"model": "account.emailaddress", "pk": 1, "fields": {"user": 1, "email": "oisin.banville@gmail.com", "verified": true, "primary": true}}, {"model": "products.category", "pk": 14, "fields": {"name": "shooters", "friendly_name": "Shoot 'em Ups"}}, {"model": "products.category", "pk": 15, "fields": {"name": "platform_style", "friendly_name": "Platformer"}}, {"model": "products.category", "pk": 16, "fields": {"name": "puzzle", "friendly_name": "Puzzle"}}, {"model": "products.category", "pk": 17, "fields": {"name": "classics", "friendly_name": "Classics"}}, {"model": "products.category", "pk": 18, "fields": {"name": "star_wars_franchise", "friendly_name": "Star Wars Collection"}}, {"model": "products.category", "pk": 19, "fields": {"name": "racing_style", "friendly_name": "Racing"}}, {"model": "products.category", "pk": 20, "fields": {"name": "japan_made_games", "friendly_name": "Japanese Release"}}, {"model": "products.category", "pk": 21, "fields": {"name": "modern_games", "friendly_name": "Modern Hits"}}, {"model": "products.category", "pk": 22, "fields": {"name": "physical_merch", "friendly_name": "Merchandise"}}, {"model": "products.category", "pk": 23, "fields": {"name": "collectible", "friendly_name": "Collectors' Corner"}}, {"model": "products.category", "pk": 24, "fields": {"name": "soft_toys", "friendly_name": "Plushies"}}, {"model": "products.category", "pk": 25, "fields": {"name": "equip", "friendly_name": "Controllers & Joysticks"}}, {"model": "products.category", "pk": 26, "fields": {"name": "sale", "friendly_name": "Special Offers"}}, {"model": "products.category", "pk": 27, "fields": {"name": "new", "friendly_name": "New Arrivals"}}, {"model": "products.category", "pk": 28, "fields": {"name": "deals", "friendly_name": "Deals"}}, {"model": "products.category", "pk": 29, "fields": {"name": "grouped_products", "friendly_name": "Bundles"}}, {"model": "products.product", "pk": 1, "fields": {"category": 14, "name": "Aces of Luftwaffe", "description": "Aces of the Luftwaffe depicts World War II as Dynasty Warriors of the sky. German air forces mass together to face down their puny British opposition with incalculable, implausible numbers. The fuel expenses alone would bankrupt Germany, let alone the ammunition.", "has_variants": true, "price": "8.99", "aggregate_rating": "4.50", "reviewed": false, "image_url": null, "image": "aces_of_luftwaffe.jpg"}}, {"model": "products.product", "pk": 2, "fields": {"category": 17, "name": "Asteroids I", "description": "Asteroids is a space-themed multidirectional shooter arcade video game designed by Lyle Rains and Ed Logg released in November 1979 by Atari, Inc.[4] The player controls a single spaceship in an asteroid field which is periodically traversed by flying saucers. The object of the game is to shoot and destroy the asteroids and saucers, while not colliding with either, or being hit by the saucers' counter-fire. The game becomes harder as the number of asteroids increases.", "has_variants": true, "price": "4.99", "aggregate_rating": "4.90", "reviewed": true, "image_url": null, "image": "asteroids_1.jpg"}}, {"model": "products.product", "pk": 3, "fields": {"category": 25, "name": "Atari: Retro Joystick", "description": "Features:\r\n1. An advanced joystick controller with an opeaggregate_rating button and a four-way joystick.\r\n2. Adopt ergonomic design, comfortable grip.\r\n3. Suitable for all Atari 2600 systems, also compatible with Atari 7800 console (all games of Atari 7800 are not supported).\r\n4. Made of high quality environmentally friendly materials, wear resistant.\r\n5. It enjoys a long service life.\r\n\r\nSpecification:\r\nMaterial: ABS\r\nModel: Atari 7800\r\nInterface Type: 9pin\r\nProduct weight: about 200g/7.05oz\r\nSize: about 9.6*8.5*11.6cm/3.78*3.35*4.57in\r\n\r\nPackage List:\r\n1 * Joystick", "has_variants": false, "price": "20.99", "aggregate_rating": "3.20", "reviewed": false, "image_url": null, "image": "atari_retro_joystick.jpg"}}, {"model": "products.product", "pk": 4, "fields": {"category": 20, "name": "Toshinden: Battle Arena", "description": "Battle Arena Toshinden (Toshinden in Japan) is a fighting game for the PC DOS and PlayStation. It was one of the first fighting games to boast polygonal characters in a 3D battle arena, rather than the traditional side-to-side fighting space that had been popular since Street Fighter II.", "has_variants": true, "price": "39.50", "aggregate_rating": "4.10", "reviewed": false, "image_url": null, "image": "battle_arean_toshinden.jpg"}}, {"model": "products.product", "pk": 5, "fields": {"category": 16, "name": "Bubble Blaster", "description": "Bubble Blast is a bubble shooter game where you have to pop the bubbles and try to completely clear the field. The further you go, the more skill and ability to think tactically you need!", "has_variants": true, "price": "2.99", "aggregate_rating": "4.10", "reviewed": false, "image_url": null, "image": "bubble_blaster.jpg"}}, {"model": "products.product", "pk": 6, "fields": {"category": 24, "name": "Plushies: Darth Vader", "description": "Fans of Star Wars can join the dark side with the Darth Vader Voice Manipulator Plush.\r\nApproximately 11-inches tall, this soft doll includes a light-up lightsaber and voice-changing feature.\r\nPress the button on his hand to activate the lightsaber and to use the voice changer to manipulate your voice!\r\nFilm accurate details on the character figure celebrate the Sith Lord's appearance in Obi-Wan Kenobi on Disney+.\r\nThe collectible toy makes a great gift for Star Wars fans!", "has_variants": false, "price": "15.90", "aggregate_rating": "4.30", "reviewed": false, "image_url": null, "image": "darth_plushie.jpg"}}, {"model": "products.product", "pk": 7, "fields": {"category": 25, "name": "Donkey Kong Arcade Machine", "description": "Before Mario became a household name, he was Mr. Video, and he was the protagonist in the Donkey Kong classic arcade game. Mr. Video, Lady, Donkey Kong — bring the whole gang in the Donkey Kong Arcade Machine for your next corporate sales meeting, trade show booth, holiday party, ‘80s themed event, or another setting to bring a barrel of fun to the occasion!\r\n\r\nOriginal Donkey Kong Arcade Machine Features & Specs\r\nClassic arcade game that launched household-name Mario series\r\nRecognizable game and characters draw crowds, build buzz, and encourage interaction\r\nMultiple levels with different setups for engaging, consistently exciting gameplay\r\nRetro game perfect for ‘80s themed events\r\nMinimal surface area makes Donkey Kong ideal for trade show booths\r\nAlso great for holiday parties, ‘80s themed events, activations, sales meetings, and more\r\nDIMENSIONS: 36″ L x 26″ W x 84″ H\r\nELECTRICITY: 120V, 3A\r\nWEIGHT: 382 lbs\r\nPairs well with other classic arcade games as well as sports games and trade show traffic builders!", "has_variants": false, "price": "789.99", "aggregate_rating": "5.00", "reviewed": false, "image_url": null, "image": "donkey_kong_machine.jpg"}}, {"model": "products.product", "pk": 8, "fields": {"category": 17, "name": "Donkey Kong Country Returns", "description": "Donkey Kong Country Returns. Classic Arcade style video game. Popular Donkey Kong Sequel", "has_variants": true, "price": "12.00", "aggregate_rating": "3.00", "reviewed": false, "image_url": null, "image": "donkey_kong_country_returns.jpg"}}, {"model": "products.product", "pk": 9, "fields": {"category": 17, "name": "Donkey Kong Country", "description": "Donkey Kong Country. Popular sequel in the Donkey Kong Franchise", "has_variants": true, "price": "7.80", "aggregate_rating": null, "reviewed": false, "image_url": null, "image": "donkey_kong_country.jpg"}}, {"model": "products.product", "pk": 10, "fields": {"category": 17, "name": "Donkey Kong III", "description": "The final word in Donkey Kong", "has_variants": true, "price": "13.99", "aggregate_rating": "4.60", "reviewed": false, "image_url": null, "image": "donkey_kong_3.jpg"}}, {"model": "products.product", "pk": 11, "fields": {"category": 20, "name": "Final Fantasy IV", "description": "In Final Fantasy IV, the player controls a large cast of characters and completes quests to advance the story. Characters move and interact with people and objects on a field map, which may represent a variety of settings, such as towers, caves, and forests. Travel between areas occurs on the overworld. The player can use towns to replenish strength, buy equipment, and discover clues about their next destination.[16] Conversely, the player fights monsters at random intervals on the overworld and in dungeons. In battle, the player has the option to fight, use magic or an item, retreat, change character positions, parry, or pause. Certain characters have special abilities.[16] The game was the first in the series to allow the player to control up to five characters in their party; previous games had limited the party to four.[17]", "has_variants": true, "price": "65.00", "aggregate_rating": "4.90", "reviewed": false, "image_url": null, "image": "final_fantasy_4.jpg"}}, {"model": "products.product", "pk": 12, "fields": {"category": 15, "name": "Final Fight III", "description": "Popular alternative to CAPCOM's street fighter series. A must for fans of the genre.", "has_variants": true, "price": "5.00", "aggregate_rating": "2.80", "reviewed": false, "image_url": null, "image": "final_fight_3.jpg"}}, {"model": "products.product", "pk": 13, "fields": {"category": 17, "name": "Mario", "description": "The original. The best. Mario!", "has_variants": true, "price": "8.00", "aggregate_rating": "4.80", "reviewed": false, "image_url": null, "image": "mario_1.jpg"}}, {"model": "products.product", "pk": 14, "fields": {"category": 17, "name": "Mario II", "description": "Mario II. The celebrated sequel!", "has_variants": true, "price": "4.00", "aggregate_rating": "4.30", "reviewed": false, "image_url": null, "image": "mario_2.jpg"}}, {"model": "products.product", "pk": 15, "fields": {"category": 16, "name": "Pinball", "description": "Pinball (JP) is a game for the NES that was made by Nintendo. Like the name suggests, the game is a pinball game, that is featured on a big board. There is also a minor cameo featuring Mario and Pauline. The game was later released on the E-Reader, and on the game Animal Crossing as an extra.", "has_variants": true, "price": "22.00", "aggregate_rating": "3.80", "reviewed": false, "image_url": null, "image": "pinball_1.jpg"}}, {"model": "products.product", "pk": 16, "fields": {"category": 25, "name": "N64 Controller : Blue", "description": "Brand New retro controller for N64 with adapter", "has_variants": false, "price": "16.00", "aggregate_rating": null, "reviewed": false, "image_url": null, "image": "n64_controller_blue.jpg"}}, {"model": "products.product", "pk": 17, "fields": {"category": 23, "name": "Pac-Man Arcade Machine", "description": "Must have Arcade Classic in mint condition", "has_variants": false, "price": "1200.00", "aggregate_rating": null, "reviewed": false, "image_url": null, "image": "pac-man_machine.jpg"}}, {"model": "products.product", "pk": 18, "fields": {"category": 17, "name": "Pac-Man", "description": "The Original", "has_variants": true, "price": "6.99", "aggregate_rating": "4.60", "reviewed": false, "image_url": null, "image": "pac-man.jpg"}}, {"model": "products.product", "pk": 19, "fields": {"category": 21, "name": "Pongo", "description": "GAME DESCRIPTION Pongo is a 3D action platformer that combines pogo stick jumps with strategic FPS combat. Grab your Pongo, a tool usable as either a pogo stick or a gun, to obliterate enemies and traverse the vast islands of Flubber.", "has_variants": true, "price": "23.00", "aggregate_rating": "1.90", "reviewed": false, "image_url": null, "image": "pongo.jpg"}}, {"model": "products.product", "pk": 20, "fields": {"category": 29, "name": "Star Wars Bundle", "description": "All our Star Wars gear at a great price! Includes Plushies!!", "has_variants": true, "price": "180.00", "aggregate_rating": null, "reviewed": false, "image_url": null, "image": "star_wars_complete_bundle.jpg"}}, {"model": "products.product", "pk": 21, "fields": {"category": 23, "name": "Retrobit Wireless Controller", "description": "Rare Classic in good condition", "has_variants": false, "price": "50.00", "aggregate_rating": null, "reviewed": false, "image_url": null, "image": "retrobit_wireless_controller.jpg"}}, {"model": "products.product", "pk": 22, "fields": {"category": 26, "name": "Retro Gaming Controller: Second Hand", "description": "Condition: Used\r\n50% off", "has_variants": true, "price": "7.50", "aggregate_rating": null, "reviewed": false, "image_url": null, "image": "retro_gaming_controller_second_hand.jpg"}}, {"model": "products.product", "pk": 23, "fields": {"category": 14, "name": "Skycurser", "description": "\"The year is 1996. A cataclysmic plague descends on earth. As its infection spreads, hope fades. But you and your dog fight back. Piloting the prophetic weapon, SKYCURSER, you take flight to destroy the Necrostar’s mutant hordes and save the planet.\"", "has_variants": true, "price": "40.00", "aggregate_rating": "4.00", "reviewed": false, "image_url": null, "image": "skycurser_1.jpg"}}, {"model": "products.product", "pk": 24, "fields": {"category": 14, "name": "Space Invaders", "description": "Get outta ma space!", "has_variants": true, "price": "5.00", "aggregate_rating": null, "reviewed": false, "image_url": null, "image": "space_invaders_1.jpg"}}, {"model": "products.product", "pk": 25, "fields": {"category": 14, "name": "Space Invaders 2", "description": "Ya in my space agin!", "has_variants": true, "price": "5.00", "aggregate_rating": null, "reviewed": false, "image_url": null, "image": "space_invaders_2.jpg"}}, {"model": "products.product", "pk": 26, "fields": {"category": 18, "name": "Star Wars: The Empire Strikes Back; Retro Video Game", "description": "Rare Find", "has_variants": true, "price": "30.00", "aggregate_rating": null, "reviewed": false, "image_url": null, "image": "star_wars_the_empire_strikes_back.jpg"}}, {"model": "products.product", "pk": 27, "fields": {"category": 18, "name": "Star Wars: Empire", "description": "Platformer for star wars", "has_variants": true, "price": "18.00", "aggregate_rating": null, "reviewed": false, "image_url": null, "image": "star_wars_empire.jpg"}}, {"model": "products.product", "pk": 28, "fields": {"category": 19, "name": "Super Bikes 3", "description": "Big BIke", "has_variants": true, "price": "14.00", "aggregate_rating": null, "reviewed": false, "image_url": null, "image": "super_bikes_3.jpg"}}, {"model": "products.product", "pk": 29, "fields": {"category": 18, "name": "Super Star Wars", "description": "Most of the stages consist of run and gun and platforming gameplay, with several different upgrades available to the standard blaster weapon. Luke can also wield a lightsaber after acquiring it from Obi-Wan Kenobi. The end of the game has players reenacting Luke's Death Star trench run to destroy the Death Star, with Darth Vader confronting the player in his TIE Advanced x1.", "has_variants": true, "price": "49.99", "aggregate_rating": "4.70", "reviewed": false, "image_url": null, "image": "super_star_wars.jpg"}}, {"model": "products.product", "pk": 30, "fields": {"category": 19, "name": "TR World Tour", "description": "Many Speed", "has_variants": true, "price": "180.00", "aggregate_rating": "1.80", "reviewed": false, "image_url": null, "image": "tr_world_tour.jpg"}}, {"model": "products.product", "pk": 31, "fields": {"category": 24, "name": "Trooper Plushie", "description": "A can't Miss!", "has_variants": false, "price": "15.00", "aggregate_rating": null, "reviewed": false, "image_url": null, "image": "trooper_plushie.jpg"}}, {"model": "products.product", "pk": 32, "fields": {"category": 24, "name": "Yoda Plushie", "description": "Buy, you will.", "has_variants": false, "price": "15.00", "aggregate_rating": null, "reviewed": false, "image_url": null, "image": "yoda_plushie.jpg"}}, {"model": "blog.review", "pk": 1, "fields": {"product": 1, "user": 1, "title": "The Best", "body": "Would play all day", "aggregate_rating": 45, "created_at": "2023-04-17T17:05:37.836Z", "updated_at": "2023-04-17T17:05:37.836Z"}}]